,label
4592,REAL
4653,REAL
4130,FAKE
3854,FAKE
4061,REAL
4700,FAKE
1897,REAL
3031,REAL
3745,FAKE
2293,REAL
1010,FAKE
2019,FAKE
1042,REAL
2390,FAKE
4824,REAL
4037,FAKE
3473,REAL
3707,REAL
4563,FAKE
1162,REAL
2330,FAKE
1637,REAL
2389,REAL
2473,FAKE
3443,FAKE
1925,FAKE
1011,FAKE
4374,REAL
592,FAKE
4379,FAKE
2362,REAL
836,FAKE
3506,REAL
1271,FAKE
2742,FAKE
4178,REAL
871,FAKE
299,FAKE
906,FAKE
2963,FAKE
4900,REAL
2192,FAKE
1404,REAL
5035,REAL
1687,FAKE
792,REAL
2263,FAKE
1370,REAL
1410,FAKE
1750,FAKE
1499,FAKE
3766,FAKE
1141,FAKE
4313,REAL
3073,REAL
556,FAKE
33,FAKE
3785,REAL
763,REAL
796,REAL
3052,REAL
996,FAKE
4665,REAL
1717,FAKE
3440,REAL
778,REAL
2083,FAKE
2023,REAL
1030,REAL
3630,REAL
2197,REAL
1256,FAKE
1117,FAKE
4595,REAL
501,FAKE
1939,FAKE
2733,FAKE
538,REAL
4155,FAKE
4525,FAKE
2213,REAL
2334,REAL
2201,FAKE
566,REAL
3087,REAL
4818,REAL
703,REAL
2032,FAKE
931,FAKE
4378,REAL
3096,REAL
3773,REAL
108,FAKE
3826,REAL
3612,FAKE
4277,FAKE
1742,REAL
2282,REAL
457,FAKE
4638,REAL
5065,FAKE
1793,REAL
4475,FAKE
2470,FAKE
2397,FAKE
1828,REAL
2369,REAL
1409,FAKE
2039,REAL
3111,REAL
3429,FAKE
4521,REAL
4624,REAL
4239,FAKE
2065,FAKE
2024,FAKE
141,REAL
4108,REAL
248,REAL
3588,FAKE
717,REAL
4896,REAL
349,REAL
2354,FAKE
3294,FAKE
694,FAKE
2910,REAL
4898,FAKE
2444,FAKE
3530,REAL
3873,FAKE
3466,FAKE
4319,FAKE
1571,FAKE
4397,FAKE
783,REAL
3609,FAKE
2849,REAL
79,FAKE
2429,FAKE
1021,FAKE
1739,REAL
3396,REAL
4134,REAL
3618,FAKE
4080,REAL
1537,REAL
1074,FAKE
200,FAKE
3963,REAL
4198,FAKE
3695,REAL
2497,REAL
4350,FAKE
3137,FAKE
3095,REAL
2694,FAKE
1973,REAL
1635,FAKE
3132,FAKE
2068,REAL
3393,REAL
2942,REAL
3446,FAKE
1678,FAKE
3401,REAL
1916,FAKE
779,REAL
544,REAL
5,REAL
4998,REAL
2972,FAKE
2360,REAL
4893,REAL
3930,FAKE
684,REAL
1650,FAKE
4569,FAKE
1850,FAKE
4495,REAL
2708,REAL
359,REAL
1335,FAKE
4302,FAKE
1854,REAL
3635,FAKE
933,REAL
169,REAL
1535,FAKE
5021,FAKE
4876,REAL
5042,FAKE
4948,REAL
2448,REAL
1526,FAKE
344,REAL
4555,REAL
4423,FAKE
5019,FAKE
2984,REAL
1098,REAL
3458,REAL
2105,FAKE
2543,REAL
4463,REAL
3179,FAKE
4455,REAL
1056,FAKE
280,REAL
2529,REAL
2905,FAKE
2800,FAKE
1497,REAL
2951,FAKE
3656,FAKE
1351,FAKE
5059,FAKE
1422,FAKE
965,REAL
2070,REAL
3232,REAL
2226,REAL
2704,REAL
1579,FAKE
2595,REAL
823,REAL
2863,REAL
4874,FAKE
1521,FAKE
4,FAKE
4799,FAKE
285,FAKE
1977,REAL
1759,REAL
2565,REAL
1385,FAKE
2158,FAKE
951,REAL
4551,REAL
428,FAKE
4263,REAL
3709,REAL
4347,FAKE
1416,FAKE
4450,REAL
1919,REAL
1884,FAKE
4457,FAKE
2675,FAKE
1724,FAKE
2355,FAKE
4985,FAKE
987,FAKE
2346,REAL
4865,FAKE
5022,REAL
2776,FAKE
745,REAL
3749,REAL
1448,FAKE
1453,FAKE
325,REAL
3758,REAL
3888,REAL
2665,REAL
795,REAL
3259,FAKE
1273,REAL
3195,FAKE
1113,REAL
3586,FAKE
1784,REAL
3041,REAL
2245,REAL
98,REAL
2327,REAL
2490,REAL
4204,FAKE
348,REAL
2196,REAL
2414,REAL
3687,REAL
687,FAKE
219,FAKE
758,FAKE
643,REAL
3814,REAL
1859,FAKE
2443,REAL
1432,REAL
3652,REAL
4144,FAKE
4908,REAL
555,FAKE
729,REAL
1309,FAKE
4523,REAL
1123,FAKE
496,FAKE
3347,FAKE
5023,REAL
4921,REAL
1702,FAKE
3851,REAL
3694,FAKE
2999,REAL
678,FAKE
3628,FAKE
4505,REAL
3625,REAL
2040,REAL
1437,FAKE
3032,FAKE
5066,REAL
517,FAKE
927,REAL
2084,FAKE
3699,FAKE
3165,FAKE
2775,REAL
4554,FAKE
3329,FAKE
3128,REAL
1177,FAKE
1703,FAKE
2046,FAKE
3819,FAKE
552,FAKE
1766,REAL
206,FAKE
799,FAKE
3465,REAL
4058,REAL
724,REAL
4175,FAKE
4177,REAL
4903,FAKE
3186,REAL
3661,FAKE
3323,REAL
4190,FAKE
573,FAKE
2185,REAL
3244,FAKE
3720,REAL
3172,FAKE
4777,FAKE
3169,REAL
644,REAL
2407,REAL
1217,FAKE
3976,FAKE
4406,REAL
1987,REAL
600,REAL
2886,FAKE
57,FAKE
4359,REAL
3756,FAKE
2966,REAL
1922,FAKE
1848,REAL
447,FAKE
1833,REAL
4912,REAL
2166,FAKE
574,FAKE
623,REAL
2908,FAKE
3834,REAL
1248,FAKE
757,REAL
3069,FAKE
4462,REAL
4684,REAL
3696,FAKE
2505,REAL
1342,REAL
1999,REAL
1447,REAL
3503,FAKE
1424,FAKE
203,REAL
4784,REAL
2617,FAKE
2773,FAKE
2378,REAL
2106,FAKE
4576,FAKE
2608,REAL
1518,FAKE
1941,REAL
3022,REAL
2048,REAL
2399,REAL
4148,FAKE
4436,REAL
1328,REAL
1026,REAL
2577,FAKE
181,FAKE
988,FAKE
275,REAL
1023,FAKE
4623,REAL
2822,REAL
3602,REAL
2078,FAKE
3125,REAL
3419,REAL
4856,FAKE
4189,FAKE
2645,REAL
2807,REAL
3203,FAKE
1185,FAKE
2406,REAL
1419,FAKE
4859,REAL
994,FAKE
1533,FAKE
3468,REAL
1235,FAKE
1272,REAL
3534,FAKE
881,REAL
1380,REAL
3901,REAL
2809,REAL
2349,FAKE
4479,FAKE
3035,FAKE
4760,REAL
1752,FAKE
3287,FAKE
867,REAL
1891,FAKE
2741,REAL
2581,FAKE
3879,REAL
5050,REAL
1545,REAL
1865,REAL
2668,REAL
1488,FAKE
2796,REAL
1225,FAKE
1652,REAL
1626,REAL
1657,REAL
3026,REAL
2445,REAL
1045,FAKE
1620,FAKE
4564,FAKE
560,REAL
2684,FAKE
2755,REAL
4517,FAKE
2720,REAL
3305,REAL
21,FAKE
3768,FAKE
1398,REAL
3770,REAL
314,FAKE
448,FAKE
453,REAL
1414,FAKE
2118,FAKE
12,REAL
4645,REAL
440,REAL
1355,FAKE
1399,FAKE
1513,FAKE
3138,FAKE
895,FAKE
1435,REAL
2597,REAL
1477,REAL
516,FAKE
1508,FAKE
372,REAL
1165,FAKE
3700,FAKE
3862,FAKE
503,REAL
2120,FAKE
2711,REAL
4106,REAL
1044,REAL
192,REAL
62,REAL
4382,REAL
608,FAKE
2550,REAL
3752,REAL
3257,REAL
4771,FAKE
2513,REAL
1993,REAL
1625,REAL
1937,REAL
1785,FAKE
4410,REAL
4745,FAKE
1840,FAKE
4172,REAL
126,REAL
244,REAL
1642,FAKE
3786,FAKE
4695,REAL
1748,FAKE
2890,FAKE
4775,REAL
1958,REAL
4104,REAL
4540,FAKE
1494,REAL
2451,REAL
4763,FAKE
2719,FAKE
1156,REAL
3423,REAL
1297,REAL
4650,FAKE
2756,REAL
222,REAL
165,FAKE
4879,FAKE
394,REAL
1386,REAL
3511,REAL
4164,FAKE
1673,FAKE
3403,REAL
4703,FAKE
1041,REAL
771,REAL
1899,FAKE
4381,REAL
3936,REAL
2471,REAL
2257,FAKE
2823,REAL
4992,FAKE
37,FAKE
276,REAL
1247,FAKE
1723,FAKE
2363,REAL
3133,REAL
4152,REAL
161,FAKE
1783,FAKE
322,REAL
11,FAKE
1121,FAKE
840,FAKE
2854,FAKE
4927,REAL
4582,REAL
3759,FAKE
2517,REAL
3922,REAL
2320,FAKE
4184,REAL
19,REAL
1034,FAKE
4519,FAKE
1971,FAKE
4640,REAL
1373,REAL
804,REAL
2667,FAKE
4725,REAL
941,FAKE
3999,REAL
958,FAKE
2097,FAKE
5064,FAKE
718,FAKE
870,FAKE
3262,REAL
3875,REAL
4581,REAL
645,FAKE
3007,FAKE
4800,REAL
4052,REAL
1960,FAKE
324,FAKE
4954,REAL
1552,FAKE
3376,REAL
90,REAL
1933,REAL
834,FAKE
94,FAKE
1777,REAL
157,FAKE
2996,REAL
4883,REAL
1122,REAL
3383,FAKE
4947,REAL
1751,FAKE
2423,FAKE
2959,FAKE
301,REAL
1653,FAKE
3476,REAL
2753,REAL
2921,FAKE
4461,FAKE
4928,REAL
1729,REAL
230,REAL
1427,REAL
4156,REAL
636,REAL
4612,REAL
1787,FAKE
3977,FAKE
1600,REAL
4975,FAKE
3690,REAL
2007,REAL
4492,FAKE
1768,REAL
3771,REAL
1697,REAL
3957,FAKE
4496,FAKE
4688,FAKE
1140,FAKE
250,REAL
2839,REAL
4988,FAKE
329,REAL
2427,FAKE
2285,FAKE
393,FAKE
610,FAKE
3923,REAL
3620,FAKE
1814,FAKE
4377,REAL
2403,FAKE
4808,REAL
3913,FAKE
4776,FAKE
2247,FAKE
2338,FAKE
205,REAL
5033,FAKE
3042,REAL
3005,REAL
2948,FAKE
3715,FAKE
1242,REAL
3560,FAKE
2016,REAL
2701,FAKE
642,FAKE
2653,REAL
2536,REAL
3218,REAL
2296,FAKE
3290,FAKE
1147,REAL
2717,REAL
1426,FAKE
1906,REAL
2857,REAL
659,FAKE
1406,REAL
1495,FAKE
943,FAKE
44,FAKE
2126,FAKE
196,REAL
3417,FAKE
891,REAL
102,FAKE
4485,REAL
2950,FAKE
218,REAL
2941,FAKE
1379,REAL
2539,FAKE
1807,FAKE
4501,REAL
3774,REAL
136,FAKE
4040,REAL
1896,FAKE
4047,REAL
133,REAL
1852,REAL
1073,REAL
4969,REAL
808,REAL
1565,FAKE
462,FAKE
1823,REAL
1773,REAL
3941,REAL
2234,REAL
1810,FAKE
2933,REAL
82,REAL
4877,FAKE
2872,REAL
1498,FAKE
3296,REAL
4680,FAKE
1412,FAKE
4825,REAL
190,REAL
3713,FAKE
3539,REAL
3392,REAL
4349,FAKE
2347,REAL
2695,REAL
587,FAKE
100,FAKE
1438,REAL
998,REAL
366,FAKE
4081,FAKE
486,REAL
3739,REAL
4880,REAL
3248,REAL
1822,FAKE
1126,FAKE
599,FAKE
4193,REAL
1300,FAKE
2228,FAKE
358,FAKE
3192,REAL
858,REAL
4559,REAL
4899,FAKE
4286,FAKE
2874,REAL
1291,REAL
2954,FAKE
557,REAL
3456,REAL
1364,REAL
1081,REAL
2424,REAL
4265,FAKE
191,FAKE
4827,FAKE
1666,FAKE
1004,FAKE
1216,REAL
1683,FAKE
3729,FAKE
839,REAL
2909,FAKE
2678,REAL
256,REAL
3216,REAL
4428,REAL
2146,FAKE
3521,REAL
119,FAKE
4693,FAKE
246,FAKE
1051,FAKE
3839,REAL
1749,FAKE
2101,REAL
13,REAL
2641,REAL
759,FAKE
2804,REAL
1159,REAL
343,REAL
646,FAKE
827,FAKE
2781,FAKE
2358,REAL
3853,REAL
1070,REAL
2237,REAL
4632,FAKE
273,FAKE
45,FAKE
3317,FAKE
1534,REAL
3832,FAKE
3679,REAL
1560,FAKE
3369,REAL
99,FAKE
756,REAL
3167,FAKE
1246,FAKE
335,REAL
3686,REAL
1827,REAL
2677,FAKE
40,FAKE
4746,REAL
1524,REAL
1926,REAL
2821,FAKE
1441,REAL
4341,FAKE
1232,REAL
4169,REAL
899,REAL
1381,REAL
1050,FAKE
3558,REAL
1296,FAKE
306,REAL
3411,REAL
4892,REAL
1992,FAKE
1942,REAL
4654,REAL
4548,REAL
1236,REAL
3896,FAKE
4897,REAL
553,FAKE
2223,REAL
4197,REAL
1417,REAL
3390,REAL
17,REAL
4667,FAKE
188,REAL
2815,REAL
3399,FAKE
313,REAL
494,FAKE
3027,REAL
685,FAKE
2374,FAKE
4290,FAKE
1277,REAL
4054,FAKE
4333,FAKE
863,REAL
3187,FAKE
2888,REAL
761,FAKE
2605,REAL
2343,FAKE
2217,REAL
4346,FAKE
420,FAKE
4649,FAKE
2736,REAL
4715,FAKE
589,FAKE
4100,FAKE
1102,FAKE
1038,REAL
932,FAKE
4991,FAKE
1731,FAKE
316,REAL
1962,FAKE
331,FAKE
2501,FAKE
4636,REAL
1886,REAL
5045,FAKE
957,REAL
3093,FAKE
3327,REAL
901,FAKE
330,FAKE
1802,FAKE
2379,FAKE
2147,REAL
4675,REAL
3894,FAKE
1060,REAL
32,FAKE
2142,REAL
3568,REAL
789,FAKE
3849,REAL
4278,FAKE
1403,REAL
3525,REAL
1734,FAKE
1094,REAL
3702,REAL
1710,FAKE
2977,FAKE
1301,FAKE
2997,FAKE
2964,REAL
4400,FAKE
1375,REAL
221,FAKE
4603,REAL
4292,REAL
3256,FAKE
3485,FAKE
4915,FAKE
4304,REAL
2018,REAL
1881,FAKE
3623,FAKE
2229,REAL
2233,REAL
2305,FAKE
3664,FAKE
2706,REAL
2064,REAL
2740,FAKE
3467,REAL
2394,FAKE
2139,REAL
3053,REAL
58,REAL
3057,FAKE
4238,FAKE
3078,REAL
1961,REAL
4051,REAL
4866,REAL
1501,FAKE
3312,REAL
2243,FAKE
2636,FAKE
4070,FAKE
3725,FAKE
2887,FAKE
662,FAKE
772,FAKE
582,REAL
4843,FAKE
4248,FAKE
2478,REAL
2846,REAL
1016,REAL
854,REAL
3528,FAKE
3135,FAKE
4494,REAL
5034,REAL
874,FAKE
4146,REAL
1064,REAL
3331,FAKE
1837,REAL
579,REAL
4506,REAL
749,REAL
1796,REAL
1938,FAKE
4233,FAKE
2093,REAL
3599,REAL
5060,REAL
128,REAL
4387,FAKE
3667,REAL
885,REAL
407,FAKE
134,FAKE
2010,FAKE
4413,FAKE
147,REAL
3355,REAL
1169,REAL
2969,REAL
1953,FAKE
3733,REAL
3961,REAL
4418,FAKE
4451,FAKE
3354,REAL
4128,REAL
86,FAKE
2824,FAKE
3732,FAKE
111,FAKE
3344,FAKE
2351,REAL
4613,REAL
3607,FAKE
2316,FAKE
28,FAKE
2657,FAKE
3162,REAL
4773,FAKE
3127,FAKE
2328,FAKE
3979,FAKE
3772,FAKE
4231,FAKE
2015,FAKE
4832,REAL
3663,FAKE
4398,REAL
2461,REAL
3264,REAL
3072,FAKE
1179,FAKE
3856,FAKE
4085,REAL
1125,REAL
1603,FAKE
123,FAKE
4154,FAKE
748,REAL
2537,REAL
1304,REAL
1078,FAKE
910,FAKE
1548,REAL
304,REAL
1420,REAL
4657,REAL
1559,REAL
2588,REAL
1554,REAL
3147,REAL
2594,FAKE
2458,REAL
107,REAL
1160,FAKE
120,REAL
2488,FAKE
2945,REAL
364,FAKE
1387,REAL
4930,FAKE
4229,REAL
898,FAKE
3994,REAL
3160,REAL
3682,FAKE
4718,REAL
3176,FAKE
3789,REAL
1377,FAKE
3650,REAL
791,FAKE
4008,REAL
700,REAL
3658,FAKE
2993,FAKE
1821,FAKE
4538,REAL
3228,FAKE
3950,REAL
770,REAL
3659,REAL
1586,FAKE
55,REAL
115,FAKE
3304,REAL
1395,FAKE
1596,FAKE
3816,REAL
3119,FAKE
2030,REAL
2784,FAKE
4888,FAKE
921,FAKE
4288,REAL
1264,REAL
187,FAKE
1206,REAL
2936,FAKE
4716,REAL
1573,REAL
4167,FAKE
3205,FAKE
1155,REAL
2090,FAKE
1413,REAL
1740,REAL
1233,FAKE
3829,REAL
236,REAL
1344,REAL
2294,REAL
311,FAKE
1132,REAL
4622,REAL
3097,FAKE
607,FAKE
846,REAL
4399,REAL
4587,FAKE
4251,REAL
1909,FAKE
563,REAL
418,FAKE
4730,FAKE
1520,FAKE
4147,REAL
4389,FAKE
1900,FAKE
437,FAKE
518,REAL
4727,REAL
1020,REAL
993,REAL
3480,REAL
1352,FAKE
2038,FAKE
1771,REAL
3782,REAL
2117,REAL
1963,FAKE
534,FAKE
3379,REAL
1990,REAL
4241,REAL
1299,REAL
2707,FAKE
3189,FAKE
1946,REAL
4078,FAKE
4102,REAL
4357,FAKE
3016,FAKE
2615,FAKE
4567,FAKE
946,REAL
1230,REAL
3972,FAKE
4588,FAKE
1546,REAL
616,FAKE
4516,FAKE
955,REAL
194,REAL
909,FAKE
2385,FAKE
2937,REAL
4627,FAKE
4733,FAKE
1913,REAL
368,REAL
1715,FAKE
4271,REAL
2837,REAL
1634,FAKE
3844,REAL
2104,REAL
3597,REAL
3675,REAL
216,REAL
3163,FAKE
4353,REAL
1675,FAKE
3474,FAKE
1055,REAL
4446,FAKE
4367,FAKE
4422,REAL
3642,FAKE
4254,FAKE
460,FAKE
4923,FAKE
4615,FAKE
1135,REAL
2043,REAL
1333,REAL
1794,FAKE
2249,FAKE
2679,FAKE
4168,FAKE
2008,FAKE
769,FAKE
4536,REAL
3646,REAL
1630,FAKE
3794,REAL
4142,REAL
234,REAL
4844,FAKE
1,FAKE
4732,FAKE
2943,REAL
2794,REAL
2107,FAKE
1330,FAKE
210,FAKE
671,REAL
3415,REAL
2723,FAKE
438,REAL
1392,FAKE
1584,FAKE
3252,REAL
880,REAL
2159,REAL
3698,REAL
1213,REAL
1008,REAL
2973,FAKE
4815,FAKE
4728,REAL
1921,REAL
3080,REAL
385,REAL
4807,FAKE
2818,FAKE
4889,FAKE
2778,REAL
4444,REAL
3730,REAL
3157,FAKE
4073,REAL
4411,REAL
2274,FAKE
4110,FAKE
1825,FAKE
3099,REAL
3486,FAKE
4742,FAKE
1686,REAL
396,FAKE
3516,FAKE
2697,FAKE
1660,REAL
1456,FAKE
3594,REAL
1815,REAL
3631,FAKE
2618,FAKE
2345,REAL
1463,FAKE
613,REAL
290,REAL
2027,REAL
1523,REAL
990,REAL
5018,REAL
2637,REAL
3207,FAKE
1321,FAKE
1613,FAKE
1851,FAKE
3431,FAKE
650,REAL
4205,REAL
1550,FAKE
2731,REAL
1504,FAKE
730,FAKE
3545,FAKE
345,REAL
2610,REAL
2273,REAL
4999,FAKE
3375,FAKE
2188,FAKE
2600,REAL
3490,REAL
1476,FAKE
2869,FAKE
913,REAL
3731,REAL
794,FAKE
960,REAL
392,REAL
4794,REAL
268,REAL
342,REAL
1564,REAL
4616,REAL
2060,REAL
3258,FAKE
4094,FAKE
1540,REAL
3704,REAL
3483,REAL
4765,REAL
893,FAKE
695,FAKE
1947,FAKE
2579,REAL
2365,FAKE
1542,FAKE
3721,REAL
1525,REAL
4855,REAL
443,REAL
1991,REAL
1561,FAKE
2303,REAL
2982,REAL
4881,REAL
4044,FAKE
1195,FAKE
2241,FAKE
495,FAKE
5057,FAKE
2295,REAL
1457,REAL
1791,FAKE
2819,REAL
4358,FAKE
1268,FAKE
4007,REAL
4834,REAL
4609,FAKE
54,REAL
2975,REAL
2453,REAL
4821,REAL
1356,FAKE
3938,REAL
3413,REAL
4806,FAKE
632,FAKE
577,FAKE
2479,REAL
2603,FAKE
4674,FAKE
787,FAKE
1080,FAKE
2907,REAL
233,REAL
1918,FAKE
1519,FAKE
2748,FAKE
1444,REAL
4670,FAKE
3810,FAKE
784,FAKE
2017,REAL
3335,FAKE
4403,FAKE
785,FAKE
524,REAL
714,FAKE
4584,FAKE
1792,REAL
4663,FAKE
3420,FAKE
500,REAL
3693,FAKE
4471,FAKE
857,REAL
4181,FAKE
292,REAL
4015,REAL
561,REAL
3678,FAKE
93,FAKE
661,FAKE
3924,REAL
1061,REAL
3703,REAL
3085,REAL
4045,FAKE
3801,REAL
657,REAL
4206,FAKE
4115,FAKE
4772,REAL
3917,REAL
4819,FAKE
4093,FAKE
3527,REAL
389,REAL
101,FAKE
3781,FAKE
1563,REAL
2680,REAL
938,FAKE
4296,FAKE
4133,REAL
3286,FAKE
6,REAL
1063,FAKE
3321,REAL
1986,FAKE
1103,REAL
224,FAKE
959,REAL
3802,REAL
1227,REAL
436,FAKE
4369,REAL
4026,FAKE
1043,FAKE
3792,REAL
2025,REAL
2289,REAL
602,REAL
2946,REAL
2646,FAKE
1685,REAL
2045,REAL
4522,REAL
1956,FAKE
4690,REAL
4671,REAL
4163,REAL
548,FAKE
3982,FAKE
4914,FAKE
4240,REAL
3822,FAKE
2300,REAL
1549,REAL
2073,FAKE
3973,FAKE
3289,REAL
4798,FAKE
4139,FAKE
2313,REAL
464,REAL
4232,REAL
2270,FAKE
725,FAKE
2275,REAL
940,REAL
395,FAKE
231,FAKE
2670,REAL
2938,REAL
1512,FAKE
2971,REAL
1143,FAKE
1035,FAKE
1621,FAKE
3904,FAKE
1676,FAKE
2635,FAKE
5005,FAKE
2833,REAL
4951,FAKE
1745,REAL
4430,FAKE
1528,FAKE
773,REAL
2076,REAL
4356,REAL
2031,REAL
3514,REAL
2754,REAL
201,REAL
3929,FAKE
2481,FAKE
2361,FAKE
3905,FAKE
416,REAL
2569,FAKE
4929,FAKE
3071,REAL
3755,FAKE
3570,REAL
338,FAKE
260,FAKE
4066,FAKE
719,FAKE
3068,REAL
568,FAKE
1893,FAKE
1989,REAL
376,FAKE
2633,REAL
1721,FAKE
2119,FAKE
605,REAL
1907,FAKE
4179,REAL
3493,REAL
4768,REAL
302,FAKE
3871,FAKE
4338,FAKE
232,FAKE
1615,FAKE
3404,REAL
362,FAKE
2940,FAKE
3338,FAKE
125,FAKE
2685,REAL
953,FAKE
481,REAL
3255,REAL
4076,REAL
4566,FAKE
710,REAL
4984,FAKE
4375,REAL
2583,FAKE
2089,FAKE
3271,REAL
709,FAKE
3531,REAL
3669,REAL
4035,FAKE
3778,REAL
813,FAKE
130,REAL
3940,FAKE
2655,FAKE
2567,REAL
2661,REAL
490,REAL
3123,REAL
1924,FAKE
2132,REAL
351,FAKE
186,REAL
4311,REAL
3444,FAKE
1577,FAKE
1995,FAKE
399,FAKE
2340,FAKE
2634,FAKE
3780,FAKE
1049,REAL
2560,REAL
1100,REAL
2416,REAL
3400,REAL
2174,FAKE
4489,FAKE
2098,FAKE
421,REAL
3190,REAL
1401,REAL
4511,REAL
963,REAL
1877,REAL
1163,FAKE
3813,FAKE
3104,REAL
3584,FAKE
487,FAKE
3196,REAL
1249,REAL
435,FAKE
4966,FAKE
255,FAKE
4938,FAKE
829,REAL
788,REAL
2900,REAL
4614,FAKE
3887,FAKE
2088,REAL
3990,FAKE
456,REAL
4117,REAL
1433,FAKE
3090,FAKE
1012,REAL
3616,FAKE
1128,REAL
3867,FAKE
1105,FAKE
4826,REAL
398,REAL
4594,FAKE
797,FAKE
1736,REAL
4585,FAKE
3019,REAL
3461,REAL
4195,REAL
3868,FAKE
3197,FAKE
1361,FAKE
1458,REAL
1334,REAL
1875,FAKE
65,FAKE
177,FAKE
2687,FAKE
2555,REAL
2698,REAL
26,REAL
2538,FAKE
525,FAKE
4269,REAL
1253,FAKE
3872,FAKE
1145,REAL
2204,REAL
321,REAL
2911,REAL
664,FAKE
2011,REAL
3504,FAKE
3451,REAL
3846,FAKE
1221,REAL
332,REAL
4207,FAKE
3339,REAL
1764,REAL
2861,REAL
598,REAL
4255,REAL
4574,FAKE
386,FAKE
4848,REAL
1608,REAL
1459,FAKE
1847,REAL
2918,FAKE
1718,REAL
1892,FAKE
228,REAL
1028,FAKE
4828,FAKE
498,REAL
4884,REAL
3793,REAL
902,FAKE
3909,FAKE
701,REAL
3263,REAL
3928,FAKE
3876,FAKE
4793,FAKE
3025,REAL
3823,FAKE
1237,FAKE
2535,FAKE
1238,FAKE
4963,FAKE
2123,REAL
4048,REAL
2858,REAL
2079,REAL
2722,REAL
3724,FAKE
1669,FAKE
3882,FAKE
138,FAKE
4945,FAKE
251,FAKE
3865,FAKE
4259,FAKE
4348,FAKE
4681,FAKE
3023,REAL
4493,FAKE
1915,REAL
580,FAKE
912,REAL
2514,FAKE
367,FAKE
2533,FAKE
4123,FAKE
1578,REAL
3513,FAKE
3787,FAKE
3416,REAL
4797,REAL
911,REAL
2506,FAKE
3611,REAL
3836,FAKE
110,REAL
2377,FAKE
1714,FAKE
4970,FAKE
2463,FAKE
2652,FAKE
1089,REAL
929,FAKE
1338,FAKE
2157,FAKE
2075,REAL
936,REAL
3336,REAL
3590,FAKE
2968,REAL
1250,REAL
4590,FAKE
2860,REAL
2150,REAL
3198,REAL
3358,FAKE
3352,REAL
2689,REAL
2544,REAL
2743,REAL
3265,FAKE
705,FAKE
1197,REAL
4145,REAL
1720,FAKE
434,FAKE
3949,REAL
3812,FAKE
383,FAKE
1743,REAL
3788,REAL
5067,REAL
1988,FAKE
4380,FAKE
4067,REAL
432,FAKE
739,REAL
5040,FAKE
4829,FAKE
4637,FAKE
3610,FAKE
3489,FAKE
1772,REAL
3432,FAKE
3159,FAKE
2256,REAL
1725,FAKE
3,FAKE
4384,REAL
4573,REAL
3020,FAKE
7,REAL
4445,REAL
1914,FAKE
1857,FAKE
403,REAL
4705,REAL
50,REAL
2054,FAKE
2115,FAKE
3124,FAKE
2164,FAKE
4486,REAL
558,REAL
726,FAKE
1832,FAKE
4119,REAL
1151,FAKE
9,REAL
3925,FAKE
1707,FAKE
545,FAKE
4795,FAKE
2593,REAL
1614,REAL
1071,REAL
4077,REAL
716,REAL
4691,FAKE
4990,FAKE
1396,REAL
1231,FAKE
3737,FAKE
3910,REAL
1758,REAL
318,REAL
4023,FAKE
1672,FAKE
3547,REAL
4579,REAL
4974,REAL
1587,REAL
427,FAKE
1885,REAL
2404,REAL
480,FAKE
4084,FAKE
546,REAL
1298,FAKE
262,FAKE
3266,REAL
2523,REAL
3434,REAL
666,REAL
171,REAL
1176,FAKE
3298,REAL
1077,FAKE
3546,REAL
2785,FAKE
686,FAKE
4608,REAL
2156,FAKE
693,REAL
4762,FAKE
4416,FAKE
2575,FAKE
4527,FAKE
3435,REAL
2728,FAKE
2916,FAKE
3048,REAL
2193,FAKE
3475,FAKE
3861,FAKE
781,FAKE
1727,REAL
4166,FAKE
2387,FAKE
541,FAKE
711,FAKE
3158,FAKE
3116,FAKE
3240,FAKE
630,REAL
254,REAL
3227,FAKE
4216,REAL
882,REAL
3501,FAKE
3676,REAL
1240,REAL
3705,REAL
5006,FAKE
2000,REAL
1171,REAL
4724,REAL
5043,FAKE
3385,REAL
2133,FAKE
2336,REAL
588,FAKE
790,FAKE
2586,FAKE
1144,REAL
1329,FAKE
2459,FAKE
4924,FAKE
3645,REAL
3237,FAKE
75,FAKE
3536,FAKE
5058,FAKE
3657,REAL
3241,FAKE
3230,REAL
554,FAKE
702,FAKE
1466,REAL
4849,FAKE
1735,FAKE
1101,REAL
4299,FAKE
2161,REAL
4711,FAKE
2179,FAKE
945,REAL
2606,FAKE
4242,FAKE
4955,REAL
842,REAL
2692,FAKE
2441,REAL
4041,FAKE
4811,REAL
4840,FAKE
3578,FAKE
968,FAKE
3091,REAL
2738,REAL
1281,REAL
225,FAKE
3886,FAKE
755,FAKE
1856,FAKE
4747,REAL
3649,REAL
3639,FAKE
3798,REAL
3908,FAKE
845,FAKE
572,FAKE
3971,FAKE
3502,FAKE
1959,REAL
1131,REAL
3808,FAKE
1624,FAKE
4744,REAL
154,REAL
476,FAKE
4904,FAKE
1662,FAKE
81,REAL
1039,FAKE
1690,REAL
278,REAL
2831,REAL
1651,FAKE
551,FAKE
4895,FAKE
5027,REAL
1087,FAKE
2582,FAKE
382,REAL
1099,REAL
2816,FAKE
2304,REAL
482,REAL
2051,REAL
3402,FAKE
4135,FAKE
2253,FAKE
2242,REAL
918,REAL
984,REAL
3316,REAL
473,REAL
2727,REAL
1120,REAL
2914,FAKE
5030,REAL
89,REAL
850,FAKE
4694,FAKE
3496,REAL
2209,REAL
3226,REAL
297,REAL
2932,FAKE
527,REAL
4437,REAL
442,REAL
72,REAL
3043,FAKE
1684,REAL
3308,FAKE
1138,FAKE
3509,FAKE
3579,FAKE
4306,REAL
2402,REAL
1006,FAKE
4857,FAKE
4335,FAKE
1475,FAKE
2534,FAKE
83,REAL
2372,FAKE
4568,FAKE
1836,FAKE
3553,FAKE
2155,REAL
2627,FAKE
4842,REAL
3603,REAL
47,REAL
2611,FAKE
2418,FAKE
2805,REAL
1929,FAKE
397,FAKE
1507,REAL
4033,REAL
4099,REAL
4176,REAL
3842,REAL
4285,REAL
4491,FAKE
986,FAKE
3330,REAL
4631,FAKE
4297,FAKE
484,FAKE
4722,REAL
237,FAKE
4753,REAL
4095,REAL
471,REAL
2925,REAL
1104,FAKE
4186,REAL
802,FAKE
3194,REAL
4447,FAKE
4854,REAL
4731,FAKE
2388,REAL
3585,FAKE
2037,FAKE
3361,REAL
104,REAL
1737,FAKE
3295,FAKE
2415,FAKE
3988,REAL
4738,FAKE
2961,FAKE
4599,FAKE
3272,FAKE
34,REAL
197,REAL
3510,REAL
3983,FAKE
2624,FAKE
4408,FAKE
817,FAKE
564,FAKE
2573,FAKE
4180,REAL
2383,FAKE
74,REAL
855,REAL
309,FAKE
2236,FAKE
282,REAL
4443,FAKE
2382,REAL
4249,REAL
547,REAL
2625,REAL
3066,FAKE
4977,REAL
4513,FAKE
4396,REAL
4279,REAL
1158,FAKE
1680,REAL
1928,REAL
720,REAL
291,FAKE
5037,FAKE
540,FAKE
4160,REAL
2165,REAL
1036,REAL
1882,REAL
3869,REAL
1047,REAL
2512,REAL
3522,FAKE
267,FAKE
872,REAL
4019,FAKE
689,REAL
4814,FAKE
60,REAL
4735,FAKE
5047,FAKE
1189,REAL
3092,REAL
4678,REAL
2726,FAKE
535,REAL
3969,FAKE
4542,FAKE
2855,REAL
3366,REAL
581,REAL
3370,REAL
195,REAL
1263,REAL
172,FAKE
2896,REAL
3644,REAL
924,FAKE
1013,FAKE
3655,REAL
1173,FAKE
1562,FAKE
1641,REAL
3540,REAL
1430,REAL
3626,FAKE
2487,FAKE
2772,REAL
4642,FAKE
5054,REAL
3505,REAL
1239,FAKE
415,FAKE
3665,FAKE
982,REAL
1164,FAKE
1779,FAKE
4604,FAKE
3970,FAKE
586,REAL
595,FAKE
1811,FAKE
812,REAL
1949,REAL
4769,REAL
1167,FAKE
1930,REAL
220,REAL
1065,REAL
1692,REAL
4482,REAL
3455,REAL
2013,REAL
2894,REAL
774,FAKE
305,FAKE
439,FAKE
713,FAKE
4644,REAL
3926,REAL
1024,REAL
2290,REAL
1082,REAL
4761,REAL
734,REAL
1674,FAKE
3084,FAKE
3689,FAKE
2934,REAL
2457,REAL
2113,REAL
1610,FAKE
1643,REAL
1219,REAL
1604,FAKE
357,FAKE
2612,FAKE
530,REAL
2456,REAL
4882,REAL
1093,FAKE
1765,FAKE
3866,REAL
985,FAKE
2762,REAL
2181,REAL
2183,REAL
4911,FAKE
3017,FAKE
2279,FAKE
3178,FAKE
4273,FAKE
1288,FAKE
3753,REAL
137,FAKE
973,REAL
1648,REAL
3878,REAL
615,REAL
3552,REAL
3328,REAL
1858,FAKE
4322,REAL
3362,FAKE
1711,REAL
4937,FAKE
4890,FAKE
4957,REAL
2868,FAKE
2262,FAKE
1366,REAL
414,FAKE
2702,REAL
2922,REAL
4886,REAL
3464,REAL
1040,FAKE
3357,REAL
4391,REAL
508,REAL
3060,REAL
3683,FAKE
1781,REAL
4127,REAL
4909,FAKE
2621,FAKE
3447,REAL
543,REAL
3234,FAKE
4270,REAL
223,FAKE
3835,REAL
3079,REAL
1402,REAL
3472,REAL
2851,FAKE
2136,FAKE
180,FAKE
2227,REAL
4544,FAKE
2268,FAKE
1322,FAKE
2520,REAL
2998,FAKE
539,FAKE
289,FAKE
975,FAKE
3239,REAL
4778,FAKE
5001,FAKE
41,FAKE
4756,FAKE
4500,REAL
4088,REAL
3508,REAL
4478,FAKE
3831,REAL
3343,REAL
876,REAL
1391,FAKE
506,FAKE
3587,FAKE
1014,FAKE
387,REAL
4543,FAKE
307,FAKE
1336,REAL
1863,REAL
3966,REAL
3409,FAKE
1255,FAKE
3577,FAKE
340,REAL
1801,REAL
4686,REAL
4781,FAKE
4449,REAL
2928,FAKE
3993,FAKE
747,FAKE
3986,REAL
5028,FAKE
2053,REAL
1503,FAKE
4528,FAKE
4483,FAKE
1780,FAKE
2541,REAL
765,FAKE
925,FAKE
856,FAKE
4935,FAKE
1270,REAL
4429,FAKE
3202,FAKE
1114,FAKE
4785,REAL
2318,FAKE
751,FAKE
4228,REAL
3353,REAL
151,REAL
1032,REAL
3225,FAKE
346,FAKE
3350,REAL
1670,REAL
706,REAL
4712,REAL
2442,FAKE
3670,REAL
1400,FAKE
1017,FAKE
2319,FAKE
1649,REAL
2240,REAL
3919,REAL
1502,FAKE
87,FAKE
521,FAKE
4589,REAL
1556,REAL
2430,FAKE
4118,REAL
2769,FAKE
2366,REAL
1201,FAKE
2135,REAL
4510,REAL
4704,REAL
4706,FAKE
2761,REAL
4949,REAL
3113,REAL
1142,FAKE
3077,FAKE
10,FAKE
4497,REAL
3600,REAL
4714,FAKE
3247,FAKE
3300,REAL
3430,REAL
1845,FAKE
2099,FAKE
569,FAKE
4520,FAKE
4257,REAL
2276,FAKE
1408,FAKE
3643,REAL
4124,REAL
3251,FAKE
3807,FAKE
3544,FAKE
1332,FAKE
1647,FAKE
2408,REAL
2730,FAKE
688,REAL
822,REAL
3108,FAKE
4474,REAL
2480,FAKE
1677,REAL
1149,FAKE
2703,FAKE
4308,FAKE
3589,FAKE
3804,REAL
2114,REAL
4385,REAL
2878,REAL
4586,FAKE
4024,REAL
2850,FAKE
3740,REAL
917,FAKE
3359,REAL
3601,REAL
2576,REAL
559,REAL
2601,REAL
707,FAKE
2632,FAKE
583,FAKE
1208,REAL
3583,FAKE
422,FAKE
3315,FAKE
875,REAL
4550,FAKE
3960,FAKE
3945,FAKE
3210,REAL
1566,FAKE
3638,REAL
227,REAL
826,REAL
3074,FAKE
2630,FAKE
2321,REAL
4360,REAL
1636,FAKE
3253,REAL
3277,FAKE
2498,FAKE
1190,FAKE
4902,REAL
3975,FAKE
1569,FAKE
3056,FAKE
2134,REAL
2991,REAL
1808,REAL
825,REAL
499,FAKE
4370,FAKE
3491,FAKE
816,REAL
1316,REAL
3015,REAL
509,REAL
146,REAL
4244,REAL
4743,FAKE
3998,FAKE
1536,REAL
4863,REAL
1196,REAL
4324,FAKE
470,FAKE
3507,FAKE
3958,FAKE
1789,REAL
4192,FAKE
204,FAKE
2005,REAL
4708,FAKE
2852,FAKE
2352,FAKE
1754,FAKE
1215,FAKE
2927,REAL
4490,REAL
4109,REAL
1451,REAL
2215,FAKE
4692,REAL
1903,FAKE
979,REAL
549,FAKE
4847,FAKE
4315,REAL
2266,FAKE
3223,FAKE
1425,FAKE
3422,FAKE
576,REAL
1452,REAL
3309,FAKE
445,FAKE
3964,FAKE
2856,FAKE
627,REAL
347,FAKE
341,REAL
4062,FAKE
4894,FAKE
777,REAL
3902,FAKE
3942,REAL
303,REAL
926,REAL
3152,FAKE
675,FAKE
4235,REAL
2308,REAL
584,REAL
2012,FAKE
3219,REAL
4664,REAL
3512,REAL
241,REAL
1862,REAL
1479,FAKE
2014,FAKE
3118,REAL
3883,FAKE
3021,FAKE
170,FAKE
2883,REAL
896,FAKE
4591,REAL
1376,FAKE
3852,REAL
3811,REAL
3076,REAL
4131,REAL
477,FAKE
3242,FAKE
337,FAKE
1895,FAKE
320,REAL
2129,REAL
4539,FAKE
635,FAKE
620,FAKE
2721,FAKE
2472,REAL
1658,REAL
2102,REAL
2650,FAKE
3881,REAL
3371,FAKE
3064,FAKE
2981,REAL
3318,REAL
3767,REAL
3282,FAKE
681,REAL
2312,REAL
1709,REAL
2298,REAL
3833,REAL
1261,REAL
4441,REAL
3144,FAKE
1950,REAL
5062,FAKE
3397,REAL
3848,FAKE
735,REAL
536,FAKE
2764,FAKE
3884,FAKE
2912,FAKE
1349,REAL
866,FAKE
1127,FAKE
4942,FAKE
122,FAKE
4918,FAKE
4679,FAKE
1767,FAKE
3126,REAL
4477,FAKE
3624,FAKE
1607,FAKE
2095,REAL
3121,REAL
4137,FAKE
2421,REAL
1797,FAKE
2864,REAL
1506,FAKE
4223,FAKE
2474,FAKE
4371,FAKE
5039,REAL
1193,FAKE
1220,FAKE
2527,REAL
1194,REAL
2364,FAKE
4952,FAKE
78,REAL
1698,FAKE
2476,REAL
2747,REAL
3815,FAKE
2190,FAKE
370,REAL
485,FAKE
4120,REAL
520,REAL
571,FAKE
2768,REAL
2281,FAKE
1943,REAL
947,REAL
3716,FAKE
4651,REAL
1489,REAL
4097,FAKE
2750,FAKE
1096,REAL
2124,REAL
2712,REAL
4276,REAL
510,FAKE
4006,FAKE
2902,FAKE
1359,FAKE
1107,REAL
533,FAKE
2426,REAL
2682,FAKE
2168,FAKE
3477,FAKE
4557,REAL
3191,REAL
4858,FAKE
3761,REAL
1730,REAL
4530,FAKE
1002,FAKE
4646,REAL
2820,REAL
4682,FAKE
3891,FAKE
883,FAKE
1688,REAL
1347,FAKE
2881,REAL
1708,FAKE
2889,FAKE
3565,REAL
670,FAKE
1266,FAKE
3183,FAKE
3193,FAKE
1551,REAL
2325,REAL
4556,REAL
4817,FAKE
3692,REAL
4598,REAL
2838,FAKE
3213,REAL
1365,FAKE
2225,FAKE
4301,FAKE
2640,FAKE
363,FAKE
3438,REAL
2359,FAKE
2333,FAKE
4284,REAL
614,FAKE
1760,REAL
91,FAKE
1644,REAL
4214,REAL
3406,REAL
2563,REAL
1964,REAL
2735,FAKE
4103,REAL
3608,FAKE
3283,FAKE
4661,REAL
4337,REAL
1661,REAL
2401,FAKE
4537,FAKE
3847,REAL
3039,FAKE
258,REAL
1496,FAKE
1602,FAKE
4295,FAKE
3313,FAKE
649,REAL
2323,FAKE
4215,REAL
970,REAL
3900,FAKE
1305,FAKE
3408,REAL
2284,REAL
2500,FAKE
1782,FAKE
1363,REAL
1468,REAL
1945,FAKE
4464,REAL
3414,REAL
270,FAKE
5009,REAL
4610,FAKE
1696,REAL
4442,REAL
4036,FAKE
1911,REAL
2985,FAKE
1819,REAL
406,FAKE
1805,FAKE
2671,REAL
2803,FAKE
2644,FAKE
4512,FAKE
4709,FAKE
3378,FAKE
1544,FAKE
463,REAL
1223,FAKE
4407,FAKE
4086,REAL
1091,FAKE
691,FAKE
1241,REAL
103,FAKE
3391,FAKE
1631,REAL
2987,REAL
683,REAL
3051,FAKE
3276,FAKE
597,FAKE
3273,REAL
4224,REAL
3915,REAL
4272,REAL
2080,FAKE
199,REAL
3405,FAKE
3783,FAKE
2121,REAL
3806,REAL
1813,REAL
2350,FAKE
39,REAL
2672,REAL
68,REAL
2410,FAKE
2182,REAL
3003,REAL
679,REAL
4201,REAL
4136,REAL
4993,FAKE
2528,REAL
365,FAKE
733,FAKE
4476,REAL
2341,REAL
2071,REAL
954,REAL
2673,FAKE
287,REAL
4987,REAL
2549,REAL
2167,FAKE
3743,FAKE
2425,FAKE
1581,REAL
2028,FAKE
2062,REAL
4149,FAKE
2609,FAKE
4936,FAKE
2556,FAKE
2311,FAKE
5032,FAKE
2686,FAKE
2739,FAKE
2066,FAKE
1057,FAKE
793,FAKE
2947,REAL
4314,FAKE
1732,REAL
3500,FAKE
1097,REAL
1597,FAKE
1293,FAKE
4071,REAL
3279,FAKE
3636,REAL
2873,REAL
2056,REAL
2130,REAL
4946,FAKE
828,FAKE
4748,FAKE
3604,REAL
4057,REAL
4944,FAKE
3954,FAKE
1595,FAKE
4749,FAKE
4405,FAKE
764,REAL
4158,FAKE
2591,REAL
2525,FAKE
1592,REAL
4626,FAKE
1421,REAL
654,REAL
2779,FAKE
283,FAKE
4157,FAKE
4141,FAKE
2259,FAKE
2026,FAKE
4958,REAL
3388,FAKE
4698,REAL
1445,REAL
981,REAL
3180,REAL
1153,REAL
2842,REAL
674,FAKE
468,REAL
3710,REAL
3747,REAL
429,REAL
4740,FAKE
1555,FAKE
1129,REAL
1210,REAL
916,FAKE
166,FAKE
3204,FAKE
3214,REAL
4788,FAKE
3059,REAL
2494,REAL
1000,FAKE
1178,FAKE
56,REAL
208,FAKE
2111,REAL
3384,FAKE
1307,REAL
1440,FAKE
425,FAKE
697,FAKE
3751,FAKE
1265,FAKE
2949,REAL
2812,REAL
1593,FAKE
2301,REAL
492,FAKE
961,REAL
1860,FAKE
4243,FAKE
4515,REAL
978,FAKE
4672,FAKE
3267,REAL
819,REAL
1826,REAL
3407,REAL
3748,FAKE
1467,FAKE
4287,REAL
621,FAKE
3459,REAL
4096,FAKE
1778,FAKE
3701,REAL
336,FAKE
4402,FAKE
1083,REAL
2607,REAL
390,REAL
737,REAL
113,FAKE
1068,REAL
937,FAKE
2299,REAL
1873,REAL
4676,FAKE
1015,REAL
257,FAKE
4245,REAL
1339,FAKE
1152,FAKE
2264,REAL
992,FAKE
2930,FAKE
2558,FAKE
1009,REAL
4260,REAL
4759,FAKE
526,REAL
3492,FAKE
132,FAKE
2462,FAKE
35,REAL
441,REAL
64,REAL
2029,FAKE
1668,REAL
4593,FAKE
1282,REAL
2175,REAL
638,FAKE
3564,FAKE
1224,FAKE
3381,FAKE
4710,FAKE
1218,REAL
1598,REAL
2725,REAL
2836,REAL
3697,REAL
3880,REAL
767,REAL
2572,FAKE
4253,FAKE
1294,REAL
4113,FAKE
3269,REAL
1108,FAKE
1659,REAL
1744,FAKE
1278,REAL
4018,FAKE
4303,REAL
129,FAKE
2700,FAKE
2255,REAL
4050,FAKE
2903,FAKE
4268,REAL
3398,FAKE
452,REAL
1234,FAKE
4981,FAKE
1719,REAL
4833,FAKE
3075,FAKE
459,REAL
2391,REAL
680,FAKE
2009,FAKE
2466,REAL
1747,FAKE
3044,FAKE
1954,FAKE
361,REAL
1804,REAL
3762,REAL
3134,REAL
202,REAL
934,REAL
3582,FAKE
4779,FAKE
964,FAKE
124,REAL
4572,REAL
4805,FAKE
1965,REAL
2515,REAL
4171,FAKE
446,FAKE
4107,FAKE
647,FAKE
4060,FAKE
2452,REAL
3340,REAL
1757,FAKE
1588,REAL
935,REAL
1450,REAL
4220,REAL
4498,REAL
1353,FAKE
3155,REAL
1188,REAL
217,FAKE
1415,REAL
4294,REAL
2952,REAL
4431,FAKE
877,FAKE
3334,FAKE
2022,FAKE
66,REAL
3840,REAL
1481,REAL
4529,FAKE
736,REAL
1846,FAKE
272,REAL
1490,FAKE
4393,FAKE
4721,FAKE
4194,FAKE
4504,REAL
1944,REAL
660,FAKE
1446,REAL
2801,FAKE
4809,REAL
288,REAL
1776,REAL
1357,FAKE
3828,REAL
3206,REAL
3275,FAKE
4032,FAKE
3100,REAL
226,REAL
760,REAL
514,REAL
4002,FAKE
1605,REAL
4939,REAL
4943,FAKE
2917,FAKE
2891,REAL
3549,FAKE
908,REAL
800,REAL
768,REAL
193,REAL
3619,FAKE
742,REAL
4068,REAL
1454,FAKE
612,REAL
3373,REAL
1870,FAKE
4417,REAL
401,REAL
4009,FAKE
849,FAKE
3921,FAKE
1728,REAL
374,FAKE
2935,FAKE
537,REAL
4079,FAKE
3120,FAKE
1007,FAKE
4852,REAL
4217,FAKE
3495,REAL
578,FAKE
692,REAL
1611,REAL
2734,REAL
4956,FAKE
4222,REAL
655,FAKE
444,REAL
3231,REAL
1829,REAL
3168,FAKE
1228,REAL
3927,REAL
3632,REAL
3006,FAKE
590,REAL
2906,FAKE
1575,FAKE
478,REAL
4878,REAL
4469,REAL
2656,FAKE
2396,REAL
4065,REAL
4845,REAL
2660,FAKE
1871,FAKE
3488,REAL
2620,REAL
465,FAKE
743,REAL
2751,REAL
3685,FAKE
182,FAKE
242,REAL
2716,REAL
1394,FAKE
1053,REAL
3067,REAL
653,REAL
148,REAL
708,REAL
3541,FAKE
23,REAL
1285,REAL
1957,REAL
2260,FAKE
1532,FAKE
1436,FAKE
919,REAL
1199,FAKE
2216,REAL
4597,REAL
469,FAKE
4885,FAKE
3463,REAL
106,REAL
1484,FAKE
4165,FAKE
350,REAL
1509,FAKE
1260,REAL
48,FAKE
238,FAKE
712,REAL
1443,REAL
4713,REAL
5002,FAKE
3573,FAKE
3944,REAL
4055,FAKE
2663,FAKE
2718,FAKE
2613,REAL
4219,REAL
2511,FAKE
900,REAL
3479,REAL
4091,REAL
1931,REAL
4757,FAKE
4339,REAL
3033,FAKE
2771,REAL
3555,FAKE
4867,FAKE
3306,REAL
4390,REAL
2254,FAKE
2125,REAL
30,FAKE
2306,REAL
1226,REAL
4841,FAKE
2329,REAL
173,REAL
2676,FAKE
4351,REAL
4836,REAL
859,REAL
1972,FAKE
1917,FAKE
3307,FAKE
3112,FAKE
3818,REAL
2491,FAKE
4950,FAKE
807,FAKE
1469,REAL
2006,REAL
3274,FAKE
4185,REAL
4933,REAL
493,REAL
1623,REAL
2651,REAL
4466,FAKE
1001,FAKE
2317,FAKE
3641,REAL
1951,FAKE
4063,FAKE
4291,FAKE
972,FAKE
1308,REAL
3991,FAKE
2489,REAL
3285,REAL
4174,FAKE
3617,REAL
4395,FAKE
2811,FAKE
3858,FAKE
3201,FAKE
4647,FAKE
4571,REAL
2642,FAKE
1663,REAL
1701,FAKE
16,REAL
3349,REAL
1058,REAL
640,REAL
2659,REAL
3010,FAKE
2169,REAL
2813,REAL
4234,FAKE
4766,REAL
1186,REAL
3185,REAL
2662,REAL
4607,FAKE
3706,REAL
1716,REAL
2960,FAKE
2469,FAKE
1966,FAKE
1920,FAKE
3143,REAL
4524,FAKE
4017,REAL
2965,REAL
585,FAKE
3837,FAKE
36,FAKE
1072,FAKE
76,FAKE
2238,FAKE
4049,REAL
4053,FAKE
997,REAL
3498,FAKE
2368,REAL
3738,FAKE
3382,REAL
2049,FAKE
1407,REAL
1905,REAL
639,REAL
375,REAL
3746,REAL
2170,REAL
4143,FAKE
1327,REAL
2786,FAKE
2793,FAKE
4323,REAL
4905,FAKE
1384,REAL
189,REAL
1515,FAKE
4869,FAKE
4696,REAL
4075,FAKE
4046,REAL
2059,REAL
353,FAKE
2398,FAKE
3081,FAKE
3517,REAL
2248,REAL
3951,REAL
1383,REAL
1628,FAKE
3906,REAL
3211,FAKE
2495,REAL
4161,FAKE
2326,REAL
3809,REAL
4150,FAKE
2929,REAL
4424,FAKE
3106,FAKE
1470,REAL
1839,REAL
3987,FAKE
240,REAL
1517,REAL
2163,REAL
676,REAL
4125,REAL
4741,FAKE
3249,REAL
4734,REAL
1382,REAL
1205,FAKE
2454,FAKE
2919,REAL
3523,FAKE
1027,REAL
1019,REAL
1816,FAKE
3105,FAKE
4252,REAL
3684,FAKE
4460,REAL
2830,FAKE
4648,REAL
2392,REAL
3055,FAKE
1483,REAL
3278,FAKE
2373,REAL
4250,REAL
5003,REAL
2367,REAL
3142,FAKE
3934,REAL
2623,FAKE
1292,FAKE
852,FAKE
2814,FAKE
3150,FAKE
3301,REAL
1617,REAL
2826,FAKE
3177,REAL
2614,REAL
4702,REAL
4633,REAL
2867,FAKE
4823,REAL
4910,REAL
5020,REAL
140,FAKE
1589,REAL
3672,REAL
3974,FAKE
4532,REAL
2437,FAKE
4997,REAL
820,FAKE
4317,FAKE
2745,FAKE
4535,REAL
3319,FAKE
2532,FAKE
1136,FAKE
1817,REAL
229,FAKE
999,FAKE
2715,REAL
3668,REAL
4021,REAL
5026,FAKE
2580,FAKE
4655,REAL
24,REAL
1118,FAKE
2149,FAKE
628,FAKE
1471,REAL
261,FAKE
1388,REAL
3040,FAKE
2553,REAL
2422,FAKE
1695,REAL
8,REAL
1606,REAL
1066,FAKE
1902,REAL
2411,REAL
4965,REAL
1713,FAKE
3061,REAL
400,REAL
4508,FAKE
4549,REAL
1994,REAL
1539,FAKE
3595,REAL
3765,REAL
4480,REAL
3281,FAKE
38,REAL
2292,REAL
3345,FAKE
864,FAKE
4875,REAL
4316,REAL
3708,REAL
1434,REAL
2440,FAKE
2433,FAKE
2375,FAKE
4298,REAL
4425,REAL
207,FAKE
3101,FAKE
2568,REAL
1069,REAL
3484,REAL
2096,REAL
890,REAL
669,FAKE
851,REAL
4034,REAL
1654,FAKE
698,REAL
4307,REAL
293,FAKE
4820,REAL
894,REAL
2724,FAKE
1325,FAKE
2297,REAL
983,FAKE
1112,REAL
631,FAKE
1967,REAL
3889,REAL
212,FAKE
4906,REAL
1609,REAL
4953,REAL
3004,FAKE
1287,REAL
2990,REAL
3469,REAL
2376,REAL
198,FAKE
3651,FAKE
4580,FAKE
4001,FAKE
3830,REAL
2666,FAKE
4983,FAKE
1442,FAKE
4484,FAKE
2271,REAL
3892,FAKE
523,REAL
4872,REAL
4354,FAKE
1934,FAKE
570,REAL
4851,REAL
3569,REAL
3935,REAL
4256,FAKE
3897,REAL
2631,FAKE
4043,FAKE
3171,FAKE
2876,REAL
3576,REAL
3532,FAKE
3581,REAL
5053,FAKE
4230,FAKE
821,FAKE
3445,REAL
3297,REAL
1204,REAL
4005,FAKE
3948,FAKE
2446,REAL
3000,FAKE
1664,FAKE
2439,REAL
2939,REAL
4600,REAL
4459,FAKE
4112,REAL
2085,REAL
2509,FAKE
2307,FAKE
3777,FAKE
1645,REAL
4087,REAL
4016,REAL
4481,REAL
750,REAL
2420,FAKE
1161,REAL
2596,REAL
2885,REAL
2570,FAKE
4685,REAL
2074,FAKE
277,REAL
158,FAKE
4261,REAL
1146,REAL
294,REAL
4577,FAKE
977,REAL
259,REAL
2206,FAKE
3200,FAKE
1761,FAKE
3018,FAKE
2639,REAL
1168,FAKE
2314,REAL
2893,REAL
3324,REAL
413,REAL
3728,FAKE
3070,REAL
4736,REAL
1369,FAKE
4030,FAKE
904,FAKE
2530,REAL
513,FAKE
67,FAKE
2585,FAKE
4247,REAL
4090,REAL
1314,FAKE
3499,FAKE
1726,FAKE
2357,REAL
4082,FAKE
4502,FAKE
3310,FAKE
1790,REAL
5036,FAKE
3903,FAKE
3899,FAKE
4028,FAKE
4236,REAL
4659,FAKE
2173,REAL
1936,FAKE
2116,REAL
3722,REAL
1397,FAKE
1244,FAKE
3985,REAL
149,FAKE
1172,FAKE
2348,REAL
1192,REAL
184,FAKE
887,FAKE
920,REAL
1818,REAL
1487,REAL
2926,REAL
4258,FAKE
3551,FAKE
1872,FAKE
4211,FAKE
4364,FAKE
667,FAKE
2899,REAL
3426,REAL
672,FAKE
1908,FAKE
2108,REAL
1646,REAL
2035,REAL
1681,FAKE
2231,FAKE
264,REAL
3299,FAKE
1323,REAL
2504,FAKE
596,REAL
92,FAKE
1411,REAL
3470,FAKE
4737,REAL
3030,FAKE
409,REAL
1691,REAL
209,FAKE
3992,REAL
2696,REAL
2250,REAL
2395,FAKE
4673,FAKE
1500,REAL
2291,FAKE
4013,REAL
1084,FAKE
1267,FAKE
1109,FAKE
2749,REAL
2978,REAL
3454,FAKE
4971,REAL
634,FAKE
3622,FAKE
2882,REAL
3437,REAL
3634,FAKE
2315,REAL
3322,FAKE
2232,REAL
2162,REAL
3107,REAL
809,REAL
3170,FAKE
3028,REAL
2875,REAL
3254,FAKE
3332,REAL
3029,FAKE
4940,FAKE
4689,FAKE
3997,REAL
51,FAKE
2353,REAL
4804,FAKE
2128,FAKE
4262,FAKE
1037,REAL
5051,FAKE
2774,REAL
369,FAKE
3154,REAL
1969,FAKE
3268,REAL
2713,REAL
1482,REAL
1362,REAL
1514,FAKE
2152,REAL
3535,FAKE
4435,FAKE
112,FAKE
4305,FAKE
168,FAKE
2322,FAKE
4012,FAKE
1599,FAKE
575,REAL
3677,FAKE
4419,REAL
4366,REAL
2879,REAL
2602,REAL
4089,FAKE
160,REAL
1245,FAKE
1354,REAL
1289,FAKE
3141,FAKE
139,FAKE
1157,REAL
3450,REAL
3537,REAL
4331,FAKE
3542,FAKE
3326,FAKE
5024,REAL
1115,FAKE
2483,FAKE
853,REAL
4926,FAKE
4487,FAKE
2435,REAL
4625,FAKE
4376,FAKE
2258,REAL
53,FAKE
2827,REAL
1493,FAKE
2705,FAKE
2434,REAL
4553,FAKE
2177,FAKE
2194,REAL
4199,REAL
4583,REAL
619,REAL
995,REAL
3691,FAKE
4098,REAL
1601,REAL
2841,FAKE
2557,REAL
1212,REAL
4092,FAKE
167,FAKE
3145,REAL
2001,REAL
3803,REAL
3933,FAKE
4558,REAL
4801,FAKE
3984,REAL
4959,REAL
3591,FAKE
4782,FAKE
2765,REAL
2828,REAL
663,REAL
515,FAKE
4629,REAL
2709,REAL
356,REAL
2866,REAL
1431,REAL
4619,FAKE
3341,FAKE
2710,FAKE
3817,FAKE
529,REAL
3320,REAL
2286,FAKE
59,FAKE
948,FAKE
3857,REAL
3769,FAKE
281,REAL
1183,REAL
3348,FAKE
1629,REAL
2782,REAL
4383,REAL
4871,FAKE
4560,REAL
4901,FAKE
4327,REAL
451,REAL
3575,REAL
1326,REAL
3229,FAKE
2732,FAKE
2901,REAL
3841,FAKE
1276,FAKE
1283,REAL
4751,FAKE
1530,FAKE
3712,FAKE
805,REAL
4796,FAKE
1529,REAL
2554,REAL
4470,FAKE
3943,FAKE
49,REAL
1570,REAL
2691,REAL
1558,FAKE
3054,FAKE
1746,FAKE
801,FAKE
4448,FAKE
1367,FAKE
1310,REAL
4020,REAL
2897,REAL
424,REAL
4868,FAKE
3660,FAKE
0,FAKE
4221,REAL
3529,REAL
3457,REAL
4414,FAKE
4465,REAL
976,REAL
2034,FAKE
1269,FAKE
176,FAKE
4531,REAL
3757,FAKE
512,FAKE
2584,REAL
1286,REAL
2967,REAL
1462,FAKE
2409,FAKE
1812,REAL
3291,FAKE
1139,REAL
4038,REAL
1855,REAL
4203,REAL
2384,FAKE
766,REAL
1348,FAKE
2482,REAL
4140,REAL
1054,FAKE
1317,FAKE
179,REAL
3735,REAL
2578,FAKE
2455,REAL
1262,FAKE
2356,FAKE
2344,REAL
532,FAKE
4467,REAL
4605,FAKE
4503,FAKE
4562,FAKE
380,REAL
1866,REAL
4578,REAL
3346,REAL
3037,REAL
2681,FAKE
4300,REAL
930,FAKE
2626,REAL
2526,FAKE
3741,REAL
5016,FAKE
5063,REAL
3821,REAL
419,REAL
625,FAKE
3714,REAL
2087,FAKE
3215,FAKE
1480,FAKE
4666,FAKE
1059,FAKE
1970,REAL
80,FAKE
4701,FAKE
73,REAL
4831,FAKE
3173,REAL
2604,REAL
3140,FAKE
2880,FAKE
1252,FAKE
3946,REAL
4283,FAKE
3784,REAL
3791,REAL
1894,FAKE
2598,FAKE
2589,REAL
1864,REAL
1461,FAKE
507,FAKE
1181,FAKE
214,FAKE
488,FAKE
1124,REAL
1257,FAKE
1541,FAKE
388,REAL
2265,REAL
3065,FAKE
3293,REAL
3939,FAKE
2211,REAL
1290,REAL
2510,REAL
2450,REAL
2995,FAKE
861,REAL
4835,REAL
3953,REAL
2552,REAL
455,REAL
2331,REAL
815,FAKE
3518,FAKE
1086,REAL
2920,REAL
2638,FAKE
1358,FAKE
1576,FAKE
2112,FAKE
3130,REAL
4941,FAKE
611,FAKE
1279,REAL
604,FAKE
4031,FAKE
2777,FAKE
2222,REAL
352,FAKE
3001,REAL
3448,REAL
323,REAL
4699,REAL
4326,FAKE
3719,FAKE
1998,FAKE
3389,REAL
3427,FAKE
1655,REAL
2198,REAL
2082,REAL
3978,FAKE
1405,REAL
25,FAKE
1699,FAKE
1705,REAL
2913,REAL
3727,REAL
2067,REAL
622,REAL
2992,REAL
4226,REAL
4187,REAL
782,FAKE
1831,REAL
1274,FAKE
2207,REAL
3129,FAKE
163,FAKE
1753,FAKE
2047,FAKE
4332,FAKE
3224,FAKE
2870,REAL
2246,FAKE
3280,REAL
3360,FAKE
3688,REAL
3563,FAKE
4683,REAL
1198,REAL
408,FAKE
142,FAKE
22,REAL
2252,REAL
3260,FAKE
1770,FAKE
4320,FAKE
1005,FAKE
641,FAKE
3920,FAKE
2654,FAKE
1343,REAL
384,FAKE
888,REAL
1557,REAL
1085,REAL
4392,FAKE
531,FAKE
3931,FAKE
1853,FAKE
1935,REAL
3387,FAKE
3153,REAL
3779,FAKE
2447,FAKE
1075,FAKE
4986,FAKE
2688,REAL
2931,FAKE
1932,REAL
2767,FAKE
1671,FAKE
2438,REAL
2983,FAKE
2109,FAKE
2186,FAKE
1148,REAL
786,FAKE
1585,REAL
3166,FAKE
266,FAKE
3763,REAL
4932,REAL
3736,FAKE
360,FAKE
1460,REAL
3421,REAL
3680,FAKE
952,REAL
2160,FAKE
4837,FAKE
4972,REAL
3243,FAKE
3372,REAL
2699,FAKE
1574,REAL
4282,REAL
1955,REAL
4499,FAKE
3337,FAKE
2176,FAKE
1313,FAKE
4514,FAKE
1331,REAL
1842,FAKE
2208,FAKE
2979,REAL
3436,REAL
4126,FAKE
4213,REAL
754,REAL
4072,REAL
1378,FAKE
4925,FAKE
980,FAKE
2100,REAL
286,FAKE
4183,REAL
3533,REAL
3088,REAL
4552,REAL
3571,REAL
4767,FAKE
1154,REAL
1079,FAKE
3008,FAKE
1511,REAL
892,REAL
135,REAL
3261,REAL
4029,FAKE
2191,REAL
211,FAKE
433,REAL
3164,REAL
274,REAL
3012,FAKE
88,FAKE
2798,FAKE
2324,FAKE
298,REAL
2545,REAL
567,REAL
3916,FAKE
3674,FAKE
4617,REAL
3776,REAL
3754,REAL
4227,FAKE
315,REAL
4526,REAL
2151,FAKE
3662,REAL
3288,FAKE
3117,FAKE
522,FAKE
2020,REAL
4394,REAL
2974,FAKE
1275,FAKE
3181,REAL
2413,FAKE
2752,FAKE
528,FAKE
4891,FAKE
308,FAKE
1505,FAKE
3598,REAL
2496,FAKE
1374,REAL
2619,REAL
1134,FAKE
1203,REAL
3681,REAL
3220,FAKE
1318,FAKE
2647,FAKE
2332,REAL
3380,FAKE
833,REAL
2989,REAL
2110,FAKE
1682,REAL
3034,FAKE
2287,REAL
2380,REAL
4758,REAL
2004,REAL
4421,FAKE
4111,FAKE
2616,FAKE
1166,REAL
629,FAKE
3471,REAL
4274,FAKE
4534,FAKE
727,REAL
354,REAL
2140,FAKE
2871,REAL
1861,REAL
1222,FAKE
4916,REAL
4325,REAL
2508,REAL
847,REAL
159,FAKE
2787,REAL
1982,REAL
4329,FAKE
2103,REAL
371,FAKE
3482,FAKE
2970,FAKE
2131,REAL
3418,REAL
3424,FAKE
1538,REAL
3554,REAL
4907,FAKE
2475,FAKE
2337,REAL
2744,REAL
1553,FAKE
239,REAL
1429,REAL
1978,REAL
3245,FAKE
2817,FAKE
3671,REAL
2449,FAKE
4281,FAKE
4069,REAL
2202,FAKE
618,FAKE
2381,FAKE
1090,FAKE
295,REAL
430,REAL
279,REAL
3524,FAKE
2629,REAL
949,FAKE
3351,REAL
27,FAKE
116,REAL
3014,REAL
2766,FAKE
